tiny,IOStream,2709,1
tiny,IOStream,8789,1
tiny,IOStream,8179,1
tiny,IOStream,9643,1
tiny,IOStream,7812,1
tiny,IOStream,9460,1
tiny,IOStream,10021,2
tiny,IOStream,10183,2
tiny,IOStream,4564,1
tiny,IOStream,5381,1
tiny,IOStream,6658,1
tiny,IOStream,5291,1
tiny,IOStream,9338,1
tiny,IOStream,3254,1
tiny,IOStream,4949,1
tiny,IOStream,6353,1
tiny,IOStream,5296,1
tiny,IOStream,7802,1
tiny,IOStream,7691,1
tiny,IOStream,8358,1
tiny,IOStream,10813,2
tiny,IOStream,10172,2
tiny,IOStream,8672,1
tiny,IOStream,7395,1
tiny,IOStream,5625,1
tiny,IOStream,8329,2
tiny,IOStream,9399,1
tiny,IOStream,8301,1
tiny,IOStream,9949,1
tiny,IOStream,7995,1
tiny,IOStream,8616,1
tiny,RAF,50415,4
tiny,RAF,19287,1
tiny,RAF,7141,1
tiny,RAF,8728,1
tiny,RAF,9277,1
tiny,RAF,14527,2
tiny,RAF,15014,2
tiny,RAF,8179,1
tiny,RAF,35034,4
tiny,RAF,11597,1
tiny,RAF,9094,2
tiny,RAF,11109,2
tiny,RAF,10925,2
tiny,RAF,9522,1
tiny,RAF,10864,1
tiny,RAF,23193,1
tiny,RAF,11414,1
tiny,RAF,22522,3
tiny,RAF,11841,2
tiny,RAF,11718,1
tiny,RAF,11719,1
tiny,RAF,24841,3
tiny,RAF,12818,1
tiny,RAF,9094,1
tiny,RAF,8240,1
tiny,RAF,9644,1
tiny,RAF,9460,1
tiny,RAF,10620,2
tiny,RAF,9338,1
tiny,RAF,9339,1
tiny,Channel,58899,5
tiny,Channel,13000,1
tiny,Channel,10315,1
tiny,Channel,10559,1
tiny,Channel,10986,1
tiny,Channel,30273,3
tiny,Channel,9766,1
tiny,Channel,10254,1
tiny,Channel,10437,1
tiny,Channel,12024,1
tiny,Channel,11413,1
tiny,Channel,15869,1
tiny,Channel,11597,1
tiny,Channel,12268,1
tiny,Channel,12695,1
tiny,Channel,15198,1
tiny,Channel,16907,1
tiny,Channel,15503,1
tiny,Channel,28870,3
tiny,Channel,11901,1
tiny,Channel,13611,1
tiny,Channel,12879,1
tiny,Channel,15258,1
tiny,Channel,14283,1
tiny,Channel,20385,1
tiny,Channel,18372,1
tiny,Channel,14526,1
tiny,Channel,14344,1
tiny,Channel,14221,1
tiny,Channel,13427,1











